timeStamp,label,response_time,latency,error,throughput
1.73E+12,A201_LaunchPage,6732,1287,200,9855
1.73E+12,TA201____Infra__Launch_Page,6732,1287,200,9855
1.73E+12,A202_Login_/tenancy/web/login,805,0,200,12455
1.73E+12,A202_Login_/tenancy/web/login-0,805,0,200,851
1.73E+12,A202_Login_/tenancy/web/login-1,3681,0,200,4597
1.73E+12,A202_Login_/tenancy/web/login-2,407,0,200,440
1.73E+12,A202_Login_/tenancy/web/login-3,819,0,200,743
1.73E+12,A202_Login_/tenancy/web/login-4,380,0,200,5824
1.73E+12,A203_Login_/api/v2/users/me,523,0,200,6784
1.73E+12,TA204____Login_bzm - Parallel Controller,0,0,200,20154
1.73E+12,A208_Login_/api/v2/tenants//customBranding?rndId=&cascade=true,1527,950,200,1032
1.73E+12,A206_Login_/api/v2/navigation/menu,1527,950,200,5640
1.73E+12,A205_Login_/api/v2/tenants//featureset?rndId=,1650,950,200,3621
1.73E+12,A207_Login_/clients.json?mspId=&_ajax=true,1290,950,200,9861
1.73E+12,A209_Login_//api/v2/tenants/b820426a-3dd2-4190-7f37-9c0085c6bdfe,1071,0,200,6732
1.73E+12,ZZZ__Trans_Controller_Dummy_Sampler,0,0,200,114
1.73E+12,TA202____Infra__Login_Page,2399,0,200,46239
1.73E+12,ZZZ__Trans_Controller_Dummy_Sampler,0,0,200,114
1.73E+12,A214_SelectClient_/client.do?action=contextUpdate,308,0,200,9861
1.73E+12,A214_SelectClient_/client.do?action=contextUpdate-0,308,0,200,673
1.73E+12,A214_SelectClient_/client.do?action=contextUpdate-1,322,0,200,505
1.73E+12,A214_SelectClient_/client.do?action=contextUpdate-2,1655,0,200,896
1.73E+12,A214_SelectClient_/client.do?action=contextUpdate-3,805,0,200,869
1.73E+12,A214_SelectClient_/client.do?action=contextUpdate-4,413,0,200,351
1.73E+12,A214_SelectClient_/client.do?action=contextUpdate-5,630,0,200,743
1.73E+12,A214_SelectClient_/client.do?action=contextUpdate-6,410,0,200,5824
1.73E+12,A215_SelectClient_/api/v2/tenants/client/d9e7f806-98aa-a155-8571-1fd205ec2db0,629,0,200,5330
1.73E+12,TA214____Infra_Select_Client,937,0,200,15305
1.73E+12,A301_Logs_LandingPage_/infra-ui/logs,305,0,200,2707
1.73E+12,A302_Logs_LandingPage_/api/v2/users/me?rndId=,603,0,200,6784
1.73E+12,TA303____Logs_LandingPage - bzm - Parallel Controller,0,0,200,20154
1.73E+12,A306_Logs_LandingPage_/api/v2/tenants//customBranding?rndId=&cascade=true,1633,959,200,1032
1.73E+12,A304_Logs_LandingPage_/api/v2/navigation/menu?rndId=null,1635,959,200,5640
1.73E+12,A303_Logs_LandingPage_/api/v2/tenants//featureset?rndId=,2738,959,200,3621
1.73E+12,A305_Logs_LandingPage_/clients.json?mspId=&_ajax=true,1265,959,200,9861
1.73E+12,TA307____Logs_LandingPage - bzm - Parallel Controller,0,0,200,14127
1.73E+12,A308_Logs_LandingPage_/infra-ui/asset-manifest.json?rndId=,1869,1377,200,4266
1.73E+12,A307_Logs_LandingPage_/client.do?action=contextUpdate&clientId=&_ajax=true,4237,1870,200,9861
1.73E+12,A309_Logs_LandingPage_/api/v2/tenants/client/d17725c6-5310-42b0-aac6-613040ac83ec,620,0,200,5330
1.73E+12,A310_Logs_LandingPage_/api/v2/users/me/views/default?entityType=log,496,0,200,868
1.73E+12,A311_Logs_LandingPage_/logsrql/api/v7/tenants//retention_policy,1649,0,200,580
1.73E+12,TA312____Logs_LandingPage - bzm - Parallel Controller,0,0,200,1310
1.73E+12,"A313_Logs_LandingPage_/opsql/api/v7/tenants//queries--""objectType"":""alert""",1417,996,200,719
1.73E+12,A312_Logs_LandingPage_/logsrql/api/v7/tenants//logs?query=&limit=51&start=1713158091813000000&end=1713159891813000000,1417,996,200,591
1.73E+12,TA314____Logs_LandingPage - bzm - Parallel Controller,0,0,200,1288
1.73E+12,A315_Logs_LandingPage_/logsrql/api/v7/tenants//logs/count?query=&step=30,1738,1082,200,599
1.73E+12,A314_Logs_LandingPage_/logsrql/api/v7/tenants/logs/labels?start=,1738,1082,200,689
1.73E+12,ZZZ__Trans_Controller_Dummy_Sampler,0,0,200,114
1.73E+12,TA301____Infra_Logs_LandingPage,3673,0,200,53262
1.73E+12,TA316____last_30min_With_1_Label_Filter,0,0,200,1190
1.73E+12,A317_Logs_30Min_/logsrql/api/v7/tenants//logs,1464,985,200,591
1.73E+12,A316_Logs_30Min_/logsrql/api/v7/tenants/logs/count,1858,985,200,599
1.73E+12,TA318____last_30Min_With_2_Label_Filter,0,0,200,1190
1.73E+12,A319_Logs_30Min_/logsrql/api/v7/tenants//logs,1691,1249,200,591
1.73E+12,A318_Logs_30Min_/logsrql/api/v7/tenants/logs/count,1929,1249,200,599
1.73E+12,A320_Logs_1Hour_/logsrql/api/v7/tenants//logs?query=&limit,558,0,200,591
1.73E+12,TA321____Infra_Logs_By_last_1_hours,0,0,200,1288
1.73E+12,A322_Logs_1Hour_/logsrql/api/v7/tenants/logs/count,1740,1326,200,599
1.73E+12,A321_Logs_1Hour_/logsrql/api/v7/tenants//logs/labels,1810,1326,200,689
1.73E+12,TA323____last_1_hours_With_1_Label_Filter,0,0,200,1190
1.73E+12,A324_Logs_1Hour_/logsrql/api/v7/tenants//logs,1650,1217,200,591
1.73E+12,A323_Logs_1Hour_/logsrql/api/v7/tenants/logs/count,2119,1217,200,599
1.73E+12,TA325____last_1_hours_With_2_Label_Filter,0,0,200,1190
1.73E+12,A326_Logs_1Hour_/logsrql/api/v7/tenants//logs,1728,1184,200,591
1.73E+12,A325_Logs_1Hour_/logsrql/api/v7/tenants/logs/count,1926,1184,200,599
1.73E+12,ZZZ__Trans_Controller_Dummy_Sampler,0,0,200,114
1.73E+12,TA320____Infra_Logs_By_last_1_hours,558,0,200,4373
1.73E+12,A327_Logs_4Hour_/logsrql/api/v7/tenants//logs?query=&limit,2054,695,200,943545
1.73E+12,TA328____Infra_Logs_By_last_4_hours,0,0,200,1288
1.73E+12,A328_Logs_4Hour_/logsrql/api/v7/tenants/logs/count,1593,1028,200,599
1.73E+12,A328_Logs_4Hour_/logsrql/api/v7/tenants//logs/labels,1593,1028,200,689
1.73E+12,TA329____last_4_hours_With_1_Label_Filter,0,0,200,379086
1.73E+12,A329_Logs_4Hour_/logsrql/api/v7/tenants/logs/count,3713,2093,200,599
1.73E+12,A330_Logs_4Hour_/logsrql/api/v7/tenants//logs,5264,1757,200,378487
1.73E+12,TA331____last_4_hours_With_2_Label_Filter,0,0,200,379078
1.73E+12,A331_Logs_4Hour_/logsrql/api/v7/tenants/logs/count,1797,994,200,599
1.73E+12,A332_Logs_4Hour_/logsrql/api/v7/tenants//logs,3852,1054,200,378479
1.73E+12,ZZZ__Trans_Controller_Dummy_Sampler,0,0,200,114
1.73E+12,TA327____Infra_Logs_By_last_4_hours,2054,695,200,1703111
1.73E+12,A334_Logs_8Hour_/logsrql/api/v7/tenants//logs?query=&limit,1126,0,200,943431
1.73E+12,TA335____Infra_Logs_By_last_8_hours,0,0,200,1288
1.73E+12,A336_Logs_8Hour_/logsrql/api/v7/tenants/logs/count,1966,1527,200,599
1.73E+12,A335_Logs_8Hour_/logsrql/api/v7/tenants//logs/labels,2066,1527,200,689
1.73E+12,TA337____last_8_hours_With_1_Label_Filter,0,0,200,922314
1.73E+12,A337_Logs_8Hour_/logsrql/api/v7/tenants/logs/count,2149,1159,200,599
1.73E+12,A338_Logs_8Hour_/logsrql/api/v7/tenants//logs,24865,1159,200,921715
1.73E+12,TA339____last_8_hours_With_2_Label_Filter,0,0,200,922362
1.73E+12,A339_Logs_8Hour_/logsrql/api/v7/tenants/logs/count,4215,1326,200,599
1.73E+12,A340_Logs_8Hour_/logsrql/api/v7/tenants//logs,24365,1326,200,921763
1.73E+12,ZZZ__Trans_Controller_Dummy_Sampler,0,0,200,114
1.73E+12,TA333____Infra_Logs_By_last_8_hours,1126,0,200,2789509
1.73E+12,A341_Logs_24Hour_/logsrql/api/v7/tenants//logs?query=&limit,2313,1288,200,943424
1.73E+12,TA342____Infra_Logs_By_last_24_hours,0,0,200,1288
1.73E+12,A343_Logs_24Hour_/logsrql/api/v7/tenants/logs/count,1627,1117,200,599
1.73E+12,A342_Logs_24Hour_/logsrql/api/v7/tenants//logs/labels,1627,1117,200,689
1.73E+12,TA344____last_24_hours_With_1_Label_Filter,0,0,200,944899
1.73E+12,A344_Logs_24Hour_/logsrql/api/v7/tenants/logs/count,2102,1106,200,599
1.73E+12,A345_Logs_24Hour_/logsrql/api/v7/tenants//logs,23839,1106,200,944300
1.73E+12,TA346____last_24_hours_With_2_Label_Filter,0,0,200,971519
1.73E+12,A346_Logs_24Hour_/logsrql/api/v7/tenants/logs/count,1815,1209,200,599
1.73E+12,A347_Logs_24Hour_/logsrql/api/v7/tenants//logs,20380,1285,200,970920
1.73E+12,ZZZ__Trans_Controller_Dummy_Sampler,0,0,200,114
1.73E+12,TA341____Infra_Logs_By_last_24_hours,2313,1288,200,2861244
1.73E+12,A351_Logs_7Days_/logsrql/api/v7/tenants//logs?query=&limit,1790,653,200,943474
1.73E+12,TA352____Infra_Logs_By_last_7Days,0,0,200,1288
1.73E+12,A353_Logs_7Days_/logsrql/api/v7/tenants/logs/count,1425,938,200,599
1.73E+12,A352_Logs_7Days_/logsrql/api/v7/tenants//logs/labels,1465,938,200,689
1.73E+12,TA354____last_7Days_With_1_Label_Filter,0,0,200,908770
1.73E+12,A354_Logs_7Days_/logsrql/api/v7/tenants/logs/count,1456,884,200,599
1.73E+12,A355_Logs_7Days_/logsrql/api/v7/tenants//logs,23271,876,200,908171
1.73E+12,TA356____last_7Days_With_2_Label_Filter,0,0,200,908732
1.73E+12,A356_Logs_7Days_/logsrql/api/v7/tenants/logs/count,2073,1212,200,599
1.73E+12,A357_Logs_24Hour_/logsrql/api/v7/tenants//logs,23032,1212,200,908133
1.73E+12,ZZZ__Trans_Controller_Dummy_Sampler,0,0,200,114
1.73E+12,TA351____Infra_Logs_By_last_7Days,1790,653,200,2762378
1.73E+12,A212__LogOut_/logout,989,648,200,728
1.73E+12,TA211____LogOut,989,648,200,728
1.73E+12,A201_LaunchPage,2893,1475,200,9855
1.73E+12,TA201____Infra__Launch_Page,2893,1475,200,9855
1.73E+12,A202_Login_/tenancy/web/login,559,0,200,12455
1.73E+12,A202_Login_/tenancy/web/login-0,559,0,200,851
1.73E+12,A202_Login_/tenancy/web/login-1,5607,0,200,4597
1.73E+12,A202_Login_/tenancy/web/login-2,373,0,200,440
1.73E+12,A202_Login_/tenancy/web/login-3,684,0,200,743
1.73E+12,A202_Login_/tenancy/web/login-4,426,0,200,5824
1.73E+12,A203_Login_/api/v2/users/me,622,0,200,6784
1.73E+12,TA204____Login_bzm - Parallel Controller,0,0,200,20154
1.73E+12,A208_Login_/api/v2/tenants//customBranding?rndId=&cascade=true,1432,908,200,1032
1.73E+12,A205_Login_/api/v2/tenants//featureset?rndId=,1602,861,200,3621
1.73E+12,A206_Login_/api/v2/navigation/menu,1644,961,200,5640
1.73E+12,A207_Login_/clients.json?mspId=&_ajax=true,1271,961,200,9861
1.73E+12,A209_Login_//api/v2/tenants/b820426a-3dd2-4190-7f37-9c0085c6bdfe,1415,630,200,6732
1.73E+12,ZZZ__Trans_Controller_Dummy_Sampler,0,0,200,114
1.73E+12,TA202____Infra__Login_Page,2596,630,200,46239
1.73E+12,ZZZ__Trans_Controller_Dummy_Sampler,0,0,200,114
1.73E+12,A214_SelectClient_/client.do?action=contextUpdate,290,0,200,9861
1.73E+12,A214_SelectClient_/client.do?action=contextUpdate-0,290,0,200,673
1.73E+12,A214_SelectClient_/client.do?action=contextUpdate-1,376,0,200,505
1.73E+12,A214_SelectClient_/client.do?action=contextUpdate-2,3427,0,200,896
1.73E+12,A214_SelectClient_/client.do?action=contextUpdate-3,399,0,200,869
1.73E+12,A214_SelectClient_/client.do?action=contextUpdate-4,488,0,200,351
1.73E+12,A214_SelectClient_/client.do?action=contextUpdate-5,505,0,200,743
1.73E+12,A214_SelectClient_/client.do?action=contextUpdate-6,407,0,200,5824
1.73E+12,A215_SelectClient_/api/v2/tenants/client/d9e7f806-98aa-a155-8571-1fd205ec2db0,816,0,200,5330
1.73E+12,TA214____Infra_Select_Client,1106,0,200,15305
1.73E+12,A301_Logs_LandingPage_/infra-ui/logs,314,0,200,2707
1.73E+12,A302_Logs_LandingPage_/api/v2/users/me?rndId=,680,0,200,6784
1.73E+12,TA303____Logs_LandingPage - bzm - Parallel Controller,0,0,200,20154
1.73E+12,A306_Logs_LandingPage_/api/v2/tenants//customBranding?rndId=&cascade=true,1444,963,200,1032
1.73E+12,A303_Logs_LandingPage_/api/v2/tenants//featureset?rndId=,1609,953,200,3621
1.73E+12,A304_Logs_LandingPage_/api/v2/navigation/menu?rndId=null,1649,994,200,5640
1.73E+12,A305_Logs_LandingPage_/clients.json?mspId=&_ajax=true,1268,953,200,9861
1.73E+12,TA307____Logs_LandingPage - bzm - Parallel Controller,0,0,200,14127
1.73E+12,A308_Logs_LandingPage_/infra-ui/asset-manifest.json?rndId=,1204,882,200,4266
1.73E+12,A307_Logs_LandingPage_/client.do?action=contextUpdate&clientId=&_ajax=true,1217,933,200,9861
1.73E+12,A309_Logs_LandingPage_/api/v2/tenants/client/d17725c6-5310-42b0-aac6-613040ac83ec,1200,596,200,5330
1.73E+12,A310_Logs_LandingPage_/api/v2/users/me/views/default?entityType=log,555,0,200,868
1.73E+12,A311_Logs_LandingPage_/logsrql/api/v7/tenants//retention_policy,4763,0,200,580
1.73E+12,TA312____Logs_LandingPage - bzm - Parallel Controller,0,0,200,1310
1.73E+12,"A313_Logs_LandingPage_/opsql/api/v7/tenants//queries--""objectType"":""alert""",1546,1138,200,719
1.73E+12,A312_Logs_LandingPage_/logsrql/api/v7/tenants//logs?query=&limit=51&start=1713158091813000000&end=1713159891813000000,1546,1138,200,591
1.73E+12,TA314____Logs_LandingPage - bzm - Parallel Controller,0,0,200,1288
1.73E+12,A315_Logs_LandingPage_/logsrql/api/v7/tenants//logs/count?query=&step=30,1329,894,200,599
1.73E+12,A314_Logs_LandingPage_/logsrql/api/v7/tenants/logs/labels?start=,1388,894,200,689
1.73E+12,ZZZ__Trans_Controller_Dummy_Sampler,0,0,200,114
1.73E+12,TA301____Infra_Logs_LandingPage,7512,596,200,53262
1.73E+12,TA316____last_30min_With_1_Label_Filter,0,0,200,1190
1.73E+12,A317_Logs_30Min_/logsrql/api/v7/tenants//logs,1305,899,200,591
1.73E+12,A316_Logs_30Min_/logsrql/api/v7/tenants/logs/count,1777,899,200,599
1.73E+12,TA318____last_30Min_With_2_Label_Filter,0,0,200,1190
1.73E+12,A319_Logs_30Min_/logsrql/api/v7/tenants//logs,1484,998,200,591
1.73E+12,A318_Logs_30Min_/logsrql/api/v7/tenants/logs/count,1502,870,200,599
1.73E+12,A320_Logs_1Hour_/logsrql/api/v7/tenants//logs?query=&limit,1012,589,200,591
1.73E+12,TA321____Infra_Logs_By_last_1_hours,0,0,200,1288
1.73E+12,A322_Logs_1Hour_/logsrql/api/v7/tenants/logs/count,1364,960,200,599
1.73E+12,A321_Logs_1Hour_/logsrql/api/v7/tenants//logs/labels,1507,960,200,689
1.73E+12,TA323____last_1_hours_With_1_Label_Filter,0,0,200,1190
1.73E+12,A323_Logs_1Hour_/logsrql/api/v7/tenants/logs/count,1486,888,200,599
1.73E+12,A324_Logs_1Hour_/logsrql/api/v7/tenants//logs,1486,888,200,591
1.73E+12,TA325____last_1_hours_With_2_Label_Filter,0,0,200,1190
1.73E+12,A326_Logs_1Hour_/logsrql/api/v7/tenants//logs,1415,1001,200,591
1.73E+12,A325_Logs_1Hour_/logsrql/api/v7/tenants/logs/count,1628,1001,200,599
1.73E+12,ZZZ__Trans_Controller_Dummy_Sampler,0,0,200,114
1.73E+12,TA320____Infra_Logs_By_last_1_hours,1012,589,200,4373
1.73E+12,A327_Logs_4Hour_/logsrql/api/v7/tenants//logs?query=&limit,1585,620,200,943669
1.73E+12,TA328____Infra_Logs_By_last_4_hours,0,0,200,1288
1.73E+12,A328_Logs_4Hour_/logsrql/api/v7/tenants/logs/count,1331,936,200,599
1.73E+12,A328_Logs_4Hour_/logsrql/api/v7/tenants//logs/labels,1335,851,200,689
1.73E+12,TA329____last_4_hours_With_1_Label_Filter,0,0,200,372499
1.73E+12,A329_Logs_4Hour_/logsrql/api/v7/tenants/logs/count,1394,903,200,599
1.73E+12,A330_Logs_4Hour_/logsrql/api/v7/tenants//logs,2611,884,200,371900
1.73E+12,TA331____last_4_hours_With_2_Label_Filter,0,0,200,372468
1.73E+12,A331_Logs_4Hour_/logsrql/api/v7/tenants/logs/count,1784,948,200,599
1.73E+12,A332_Logs_4Hour_/logsrql/api/v7/tenants//logs,2428,945,200,371869
1.73E+12,ZZZ__Trans_Controller_Dummy_Sampler,0,0,200,114
1.73E+12,TA327____Infra_Logs_By_last_4_hours,1585,620,200,1690038
1.73E+12,A334_Logs_8Hour_/logsrql/api/v7/tenants//logs?query=&limit,1712,621,200,943748
1.73E+12,TA335____Infra_Logs_By_last_8_hours,0,0,200,1288
1.73E+12,A336_Logs_8Hour_/logsrql/api/v7/tenants/logs/count,1319,947,200,599
1.73E+12,A335_Logs_8Hour_/logsrql/api/v7/tenants//logs/labels,1468,972,200,689
1.73E+12,TA337____last_8_hours_With_1_Label_Filter,0,0,200,929011
1.73E+12,A337_Logs_8Hour_/logsrql/api/v7/tenants/logs/count,1386,886,200,599
1.73E+12,A338_Logs_8Hour_/logsrql/api/v7/tenants//logs,16383,909,200,928412
1.73E+12,TA339____last_8_hours_With_2_Label_Filter,0,0,200,929117
1.73E+12,A339_Logs_8Hour_/logsrql/api/v7/tenants/logs/count,2000,1077,200,599
1.73E+12,A340_Logs_8Hour_/logsrql/api/v7/tenants//logs,15857,1076,200,928518
1.73E+12,ZZZ__Trans_Controller_Dummy_Sampler,0,0,200,114
1.73E+12,TA333____Infra_Logs_By_last_8_hours,1712,621,200,2803278
1.73E+12,A341_Logs_24Hour_/logsrql/api/v7/tenants//logs?query=&limit,1567,585,200,943651
1.73E+12,TA342____Infra_Logs_By_last_24_hours,0,0,200,1288
1.73E+12,A343_Logs_24Hour_/logsrql/api/v7/tenants/logs/count,1361,862,200,599
1.73E+12,A342_Logs_24Hour_/logsrql/api/v7/tenants//logs/labels,1361,862,200,689
1.73E+12,TA344____last_24_hours_With_1_Label_Filter,0,0,200,936659
1.73E+12,A344_Logs_24Hour_/logsrql/api/v7/tenants/logs/count,1504,964,200,599
1.73E+12,A345_Logs_24Hour_/logsrql/api/v7/tenants//logs,23316,964,200,936060
1.73E+12,TA346____last_24_hours_With_2_Label_Filter,0,0,200,892925
1.73E+12,A346_Logs_24Hour_/logsrql/api/v7/tenants/logs/count,1554,940,200,599
1.73E+12,A347_Logs_24Hour_/logsrql/api/v7/tenants//logs,23080,940,200,892326
1.73E+12,ZZZ__Trans_Controller_Dummy_Sampler,0,0,200,114
1.73E+12,TA341____Infra_Logs_By_last_24_hours,1567,585,200,2774637
1.73E+12,A351_Logs_7Days_/logsrql/api/v7/tenants//logs?query=&limit,1627,677,200,943422
1.73E+12,TA352____Infra_Logs_By_last_7Days,0,0,200,1288
1.73E+12,A353_Logs_7Days_/logsrql/api/v7/tenants/logs/count,2446,907,200,599
1.73E+12,A352_Logs_7Days_/logsrql/api/v7/tenants//logs/labels,2446,907,200,689
1.73E+12,TA354____last_7Days_With_1_Label_Filter,0,0,200,936081
1.73E+12,A354_Logs_7Days_/logsrql/api/v7/tenants/logs/count,2259,1356,200,599
1.73E+12,A355_Logs_7Days_/logsrql/api/v7/tenants//logs,22243,1356,200,935482
1.73E+12,TA356____last_7Days_With_2_Label_Filter,0,0,200,936053
1.73E+12,A356_Logs_7Days_/logsrql/api/v7/tenants/logs/count,1797,918,200,599
1.73E+12,A357_Logs_24Hour_/logsrql/api/v7/tenants//logs,21245,893,200,935454
1.73E+12,ZZZ__Trans_Controller_Dummy_Sampler,0,0,200,114
1.73E+12,TA351____Infra_Logs_By_last_7Days,1627,677,200,2816958
1.73E+12,A212__LogOut_/logout,917,596,200,728
1.73E+12,TA211____LogOut,917,596,200,728
1.73E+12,A201_LaunchPage,3442,1099,200,9855
1.73E+12,TA201____Infra__Launch_Page,3442,1099,200,9855
1.73E+12,A202_Login_/tenancy/web/login,7790,0,200,12455
1.73E+12,A202_Login_/tenancy/web/login-0,7790,0,200,851
1.73E+12,A202_Login_/tenancy/web/login-1,1490,0,200,4597
1.73E+12,A202_Login_/tenancy/web/login-2,416,0,200,440
1.73E+12,A202_Login_/tenancy/web/login-3,898,0,200,743
1.73E+12,A202_Login_/tenancy/web/login-4,375,0,200,5824
1.73E+12,A203_Login_/api/v2/users/me,572,0,200,6784
1.73E+12,TA204____Login_bzm - Parallel Controller,0,0,200,20154
1.73E+12,A206_Login_/api/v2/navigation/menu,2107,1019,200,5640
1.73E+12,A205_Login_/api/v2/tenants//featureset?rndId=,1972,1018,200,3621
1.73E+12,A208_Login_/api/v2/tenants//customBranding?rndId=&cascade=true,2348,1671,200,1032
1.73E+12,A207_Login_/clients.json?mspId=&_ajax=true,1322,1019,200,9861
1.73E+12,A209_Login_//api/v2/tenants/b820426a-3dd2-4190-7f37-9c0085c6bdfe,1481,625,200,6732
1.73E+12,ZZZ__Trans_Controller_Dummy_Sampler,0,0,200,114
1.73E+12,TA202____Infra__Login_Page,9843,625,200,46239
1.73E+12,ZZZ__Trans_Controller_Dummy_Sampler,0,0,200,114
1.73E+12,A214_SelectClient_/client.do?action=contextUpdate,329,0,200,9861
1.73E+12,A214_SelectClient_/client.do?action=contextUpdate-0,329,0,200,673
1.73E+12,A214_SelectClient_/client.do?action=contextUpdate-1,336,0,200,505
1.73E+12,A214_SelectClient_/client.do?action=contextUpdate-2,1980,0,200,896
1.73E+12,A214_SelectClient_/client.do?action=contextUpdate-3,1513,0,200,869
1.73E+12,A214_SelectClient_/client.do?action=contextUpdate-4,475,0,200,351
1.73E+12,A214_SelectClient_/client.do?action=contextUpdate-5,705,0,200,743
1.73E+12,A214_SelectClient_/client.do?action=contextUpdate-6,387,0,200,5824
1.73E+12,A215_SelectClient_/api/v2/tenants/client/d9e7f806-98aa-a155-8571-1fd205ec2db0,671,0,200,5330
1.73E+12,TA214____Infra_Select_Client,1000,0,200,15305
1.73E+12,A301_Logs_LandingPage_/infra-ui/logs,307,0,200,2707
1.73E+12,A302_Logs_LandingPage_/api/v2/users/me?rndId=,621,0,200,6784
1.73E+12,TA303____Logs_LandingPage - bzm - Parallel Controller,0,0,200,20154
1.73E+12,A306_Logs_LandingPage_/api/v2/tenants//customBranding?rndId=&cascade=true,1395,850,200,1032
1.73E+12,A304_Logs_LandingPage_/api/v2/navigation/menu?rndId=null,1540,926,200,5640
1.73E+12,A303_Logs_LandingPage_/api/v2/tenants//featureset?rndId=,1633,926,200,3621
1.73E+12,A305_Logs_LandingPage_/clients.json?mspId=&_ajax=true,1281,926,200,9861
1.73E+12,TA307____Logs_LandingPage - bzm - Parallel Controller,0,0,200,14127
1.73E+12,A308_Logs_LandingPage_/infra-ui/asset-manifest.json?rndId=,1213,928,200,4266
1.73E+12,A307_Logs_LandingPage_/client.do?action=contextUpdate&clientId=&_ajax=true,1228,941,200,9861
1.73E+12,A309_Logs_LandingPage_/api/v2/tenants/client/d17725c6-5310-42b0-aac6-613040ac83ec,1198,600,200,5330
1.73E+12,A310_Logs_LandingPage_/api/v2/users/me/views/default?entityType=log,536,0,200,868
1.73E+12,A311_Logs_LandingPage_/logsrql/api/v7/tenants//retention_policy,3891,0,200,580
1.73E+12,TA312____Logs_LandingPage - bzm - Parallel Controller,0,0,200,1310
1.73E+12,"A313_Logs_LandingPage_/opsql/api/v7/tenants//queries--""objectType"":""alert""",1492,979,200,719
1.73E+12,A312_Logs_LandingPage_/logsrql/api/v7/tenants//logs?query=&limit=51&start=1713158091813000000&end=1713159891813000000,1492,979,200,591
1.73E+12,TA314____Logs_LandingPage - bzm - Parallel Controller,0,0,200,1288
1.73E+12,A315_Logs_LandingPage_/logsrql/api/v7/tenants//logs/count?query=&step=30,1356,940,200,599
1.73E+12,A314_Logs_LandingPage_/logsrql/api/v7/tenants/logs/labels?start=,1465,929,200,689
1.73E+12,ZZZ__Trans_Controller_Dummy_Sampler,0,0,200,114
1.73E+12,TA301____Infra_Logs_LandingPage,6553,600,200,53262
1.73E+12,TA316____last_30min_With_1_Label_Filter,0,0,200,1190
1.73E+12,A317_Logs_30Min_/logsrql/api/v7/tenants//logs,1456,989,200,591
1.73E+12,A316_Logs_30Min_/logsrql/api/v7/tenants/logs/count,3040,989,200,599
1.73E+12,TA318____last_30Min_With_2_Label_Filter,0,0,200,1190
1.73E+12,A319_Logs_30Min_/logsrql/api/v7/tenants//logs,1362,918,200,591
1.73E+12,A318_Logs_30Min_/logsrql/api/v7/tenants/logs/count,1557,919,200,599
1.73E+12,A320_Logs_1Hour_/logsrql/api/v7/tenants//logs?query=&limit,1106,624,200,591
1.73E+12,TA321____Infra_Logs_By_last_1_hours,0,0,200,1288
1.73E+12,A322_Logs_1Hour_/logsrql/api/v7/tenants/logs/count,2530,2122,200,599
1.73E+12,A321_Logs_1Hour_/logsrql/api/v7/tenants//logs/labels,2571,2053,200,689
1.73E+12,TA323____last_1_hours_With_1_Label_Filter,0,0,200,1190
1.73E+12,A324_Logs_1Hour_/logsrql/api/v7/tenants//logs,1409,1001,200,591
1.73E+12,A323_Logs_1Hour_/logsrql/api/v7/tenants/logs/count,1621,1001,200,599
1.73E+12,TA325____last_1_hours_With_2_Label_Filter,0,0,200,1190
1.73E+12,A326_Logs_1Hour_/logsrql/api/v7/tenants//logs,1466,955,200,591
1.73E+12,A325_Logs_1Hour_/logsrql/api/v7/tenants/logs/count,1567,955,200,599
1.73E+12,ZZZ__Trans_Controller_Dummy_Sampler,0,0,200,114
1.73E+12,TA320____Infra_Logs_By_last_1_hours,1106,624,200,4373
1.73E+12,A327_Logs_4Hour_/logsrql/api/v7/tenants//logs?query=&limit,1648,604,200,943430
1.73E+12,TA328____Infra_Logs_By_last_4_hours,0,0,200,1288
1.73E+12,A328_Logs_4Hour_/logsrql/api/v7/tenants/logs/count,1398,943,200,599
1.73E+12,A328_Logs_4Hour_/logsrql/api/v7/tenants//logs/labels,1526,943,200,689
1.73E+12,TA329____last_4_hours_With_1_Label_Filter,0,0,200,370943
1.73E+12,A329_Logs_4Hour_/logsrql/api/v7/tenants/logs/count,1907,993,200,599
1.73E+12,A330_Logs_4Hour_/logsrql/api/v7/tenants//logs,3342,925,200,370344
1.73E+12,TA331____last_4_hours_With_2_Label_Filter,0,0,200,371035
1.73E+12,A331_Logs_4Hour_/logsrql/api/v7/tenants/logs/count,1400,910,200,599
1.73E+12,A332_Logs_4Hour_/logsrql/api/v7/tenants//logs,3405,910,200,370436
1.73E+12,ZZZ__Trans_Controller_Dummy_Sampler,0,0,200,114
1.73E+12,TA327____Infra_Logs_By_last_4_hours,1648,604,200,1686810
1.73E+12,A334_Logs_8Hour_/logsrql/api/v7/tenants//logs?query=&limit,1611,626,200,943423
1.73E+12,TA335____Infra_Logs_By_last_8_hours,0,0,200,1288
1.73E+12,A336_Logs_8Hour_/logsrql/api/v7/tenants/logs/count,1363,922,200,599
1.73E+12,A335_Logs_8Hour_/logsrql/api/v7/tenants//logs/labels,1487,922,200,689
1.73E+12,TA337____last_8_hours_With_1_Label_Filter,0,0,200,912233
1.73E+12,A337_Logs_8Hour_/logsrql/api/v7/tenants/logs/count,1737,895,200,599
1.73E+12,A338_Logs_8Hour_/logsrql/api/v7/tenants//logs,23791,1912,200,911634
1.73E+12,TA339____last_8_hours_With_2_Label_Filter,0,0,200,912232
1.73E+12,A339_Logs_8Hour_/logsrql/api/v7/tenants/logs/count,1834,936,200,599
1.73E+12,A340_Logs_8Hour_/logsrql/api/v7/tenants//logs,21763,936,200,911633
1.73E+12,ZZZ__Trans_Controller_Dummy_Sampler,0,0,200,114
1.73E+12,TA333____Infra_Logs_By_last_8_hours,1611,626,200,2769290
1.73E+12,A341_Logs_24Hour_/logsrql/api/v7/tenants//logs?query=&limit,1653,593,200,943431
1.73E+12,TA342____Infra_Logs_By_last_24_hours,0,0,200,1288
1.73E+12,A343_Logs_24Hour_/logsrql/api/v7/tenants/logs/count,1609,1190,200,599
1.73E+12,A342_Logs_24Hour_/logsrql/api/v7/tenants//logs/labels,1731,1197,200,689
1.73E+12,TA344____last_24_hours_With_1_Label_Filter,0,0,200,912393
1.73E+12,A344_Logs_24Hour_/logsrql/api/v7/tenants/logs/count,1871,906,200,599
1.73E+12,A345_Logs_24Hour_/logsrql/api/v7/tenants//logs,21887,905,200,911794
1.73E+12,TA346____last_24_hours_With_2_Label_Filter,0,0,200,912274
1.73E+12,A346_Logs_24Hour_/logsrql/api/v7/tenants/logs/count,1825,982,200,599
1.73E+12,A347_Logs_24Hour_/logsrql/api/v7/tenants//logs,22510,982,200,911675
1.73E+12,ZZZ__Trans_Controller_Dummy_Sampler,0,0,200,114
1.73E+12,TA341____Infra_Logs_By_last_24_hours,1653,593,200,2769500
1.73E+12,A351_Logs_7Days_/logsrql/api/v7/tenants//logs?query=&limit,1720,622,200,943423
1.73E+12,TA352____Infra_Logs_By_last_7Days,0,0,200,1288
1.73E+12,A352_Logs_7Days_/logsrql/api/v7/tenants//logs/labels,1526,1014,200,689
1.73E+12,A353_Logs_7Days_/logsrql/api/v7/tenants/logs/count,1526,1014,200,599
1.73E+12,TA354____last_7Days_With_1_Label_Filter,0,0,200,936427
1.73E+12,A354_Logs_7Days_/logsrql/api/v7/tenants/logs/count,1651,1138,200,599
1.73E+12,A355_Logs_7Days_/logsrql/api/v7/tenants//logs,22957,1138,200,935828
1.73E+12,TA356____last_7Days_With_2_Label_Filter,0,0,200,892940
1.73E+12,A356_Logs_7Days_/logsrql/api/v7/tenants/logs/count,1666,868,200,599
1.73E+12,A357_Logs_24Hour_/logsrql/api/v7/tenants//logs,22480,888,200,892341
1.73E+12,ZZZ__Trans_Controller_Dummy_Sampler,0,0,200,114
1.73E+12,TA351____Infra_Logs_By_last_7Days,1720,622,200,2774192
1.73E+12,A212__LogOut_/logout,908,595,200,728
1.73E+12,TA211____LogOut,908,595,200,728
1.73E+12,A201_LaunchPage,1908,898,200,9855
1.73E+12,TA201____Infra__Launch_Page,1908,898,200,9855
1.73E+12,A202_Login_/tenancy/web/login,942,0,200,12455
1.73E+12,A202_Login_/tenancy/web/login-0,942,0,200,851
1.73E+12,A202_Login_/tenancy/web/login-1,491,0,200,4597
1.73E+12,A202_Login_/tenancy/web/login-2,380,0,200,440
1.73E+12,A202_Login_/tenancy/web/login-3,812,0,200,743
1.73E+12,A202_Login_/tenancy/web/login-4,336,0,200,5824
1.73E+12,A203_Login_/api/v2/users/me,969,0,200,6784
1.73E+12,TA204____Login_bzm - Parallel Controller,0,0,200,20154
1.73E+12,A208_Login_/api/v2/tenants//customBranding?rndId=&cascade=true,1534,953,200,1032
1.73E+12,A205_Login_/api/v2/tenants//featureset?rndId=,1722,900,200,3621
1.73E+12,A206_Login_/api/v2/navigation/menu,4340,899,200,5640
1.73E+12,A207_Login_/clients.json?mspId=&_ajax=true,2813,2489,200,9861
1.73E+12,A209_Login_//api/v2/tenants/b820426a-3dd2-4190-7f37-9c0085c6bdfe,1438,578,200,6732
1.73E+12,ZZZ__Trans_Controller_Dummy_Sampler,0,0,200,114
1.73E+12,TA202____Infra__Login_Page,3349,578,200,46239
1.73E+12,ZZZ__Trans_Controller_Dummy_Sampler,0,0,200,114
1.73E+12,A214_SelectClient_/client.do?action=contextUpdate,275,0,200,9861
1.73E+12,A214_SelectClient_/client.do?action=contextUpdate-0,275,0,200,673
1.73E+12,A214_SelectClient_/client.do?action=contextUpdate-1,306,0,200,505
1.73E+12,A214_SelectClient_/client.do?action=contextUpdate-2,512,0,200,896
1.73E+12,A214_SelectClient_/client.do?action=contextUpdate-3,387,0,200,869
1.73E+12,A214_SelectClient_/client.do?action=contextUpdate-4,420,0,200,351
1.73E+12,A214_SelectClient_/client.do?action=contextUpdate-5,670,0,200,743
1.73E+12,A214_SelectClient_/client.do?action=contextUpdate-6,1299,0,200,5824
1.73E+12,A215_SelectClient_/api/v2/tenants/client/d9e7f806-98aa-a155-8571-1fd205ec2db0,561,0,200,5330
1.73E+12,TA214____Infra_Select_Client,836,0,200,15305
1.73E+12,A301_Logs_LandingPage_/infra-ui/logs,302,0,200,2707
1.73E+12,A302_Logs_LandingPage_/api/v2/users/me?rndId=,479,0,200,6784
1.73E+12,TA303____Logs_LandingPage - bzm - Parallel Controller,0,0,200,20154
1.73E+12,A306_Logs_LandingPage_/api/v2/tenants//customBranding?rndId=&cascade=true,1389,934,200,1032
1.73E+12,A304_Logs_LandingPage_/api/v2/navigation/menu?rndId=null,1470,915,200,5640
1.73E+12,A303_Logs_LandingPage_/api/v2/tenants//featureset?rndId=,1707,915,200,3621
1.73E+12,A305_Logs_LandingPage_/clients.json?mspId=&_ajax=true,1246,934,200,9861
1.73E+12,TA307____Logs_LandingPage - bzm - Parallel Controller,0,0,200,14127
1.73E+12,A308_Logs_LandingPage_/infra-ui/asset-manifest.json?rndId=,1133,851,200,4266
1.73E+12,A307_Logs_LandingPage_/client.do?action=contextUpdate&clientId=&_ajax=true,1216,889,200,9861
1.73E+12,A309_Logs_LandingPage_/api/v2/tenants/client/d17725c6-5310-42b0-aac6-613040ac83ec,1168,603,200,5330
1.73E+12,A310_Logs_LandingPage_/api/v2/users/me/views/default?entityType=log,457,0,200,868
1.73E+12,A311_Logs_LandingPage_/logsrql/api/v7/tenants//retention_policy,1330,0,200,580
1.73E+12,TA312____Logs_LandingPage - bzm - Parallel Controller,0,0,200,1310
1.73E+12,"A313_Logs_LandingPage_/opsql/api/v7/tenants//queries--""objectType"":""alert""",1329,941,200,719
1.73E+12,A312_Logs_LandingPage_/logsrql/api/v7/tenants//logs?query=&limit=51&start=1713158091813000000&end=1713159891813000000,1329,931,200,591
1.73E+12,TA314____Logs_LandingPage - bzm - Parallel Controller,0,0,200,1288
1.73E+12,A315_Logs_LandingPage_/logsrql/api/v7/tenants//logs/count?query=&step=30,1387,947,200,599
1.73E+12,A314_Logs_LandingPage_/logsrql/api/v7/tenants/logs/labels?start=,1469,947,200,689
1.73E+12,ZZZ__Trans_Controller_Dummy_Sampler,0,0,200,114
1.73E+12,TA301____Infra_Logs_LandingPage,3736,603,200,53262
1.73E+12,TA316____last_30min_With_1_Label_Filter,0,0,200,1190
1.73E+12,A317_Logs_30Min_/logsrql/api/v7/tenants//logs,1323,882,200,591
1.73E+12,A316_Logs_30Min_/logsrql/api/v7/tenants/logs/count,1526,894,200,599
1.73E+12,TA318____last_30Min_With_2_Label_Filter,0,0,200,1190
1.73E+12,A319_Logs_30Min_/logsrql/api/v7/tenants//logs,1389,964,200,591
1.73E+12,A318_Logs_30Min_/logsrql/api/v7/tenants/logs/count,1628,900,200,599
1.73E+12,A320_Logs_1Hour_/logsrql/api/v7/tenants//logs?query=&limit,1030,612,200,591
1.73E+12,TA321____Infra_Logs_By_last_1_hours,0,0,200,1288
1.73E+12,A322_Logs_1Hour_/logsrql/api/v7/tenants/logs/count,1330,923,200,599
1.73E+12,A321_Logs_1Hour_/logsrql/api/v7/tenants//logs/labels,1398,882,200,689
1.73E+12,TA323____last_1_hours_With_1_Label_Filter,0,0,200,1190
1.73E+12,A324_Logs_1Hour_/logsrql/api/v7/tenants//logs,1451,1025,200,591
1.73E+12,A323_Logs_1Hour_/logsrql/api/v7/tenants/logs/count,1634,1025,200,599
1.73E+12,TA325____last_1_hours_With_2_Label_Filter,0,0,200,1190
1.73E+12,A326_Logs_1Hour_/logsrql/api/v7/tenants//logs,1246,850,200,591
1.73E+12,A325_Logs_1Hour_/logsrql/api/v7/tenants/logs/count,1409,889,200,599
1.73E+12,ZZZ__Trans_Controller_Dummy_Sampler,0,0,200,114
1.73E+12,TA320____Infra_Logs_By_last_1_hours,1030,612,200,4373
1.73E+12,A327_Logs_4Hour_/logsrql/api/v7/tenants//logs?query=&limit,1535,618,200,943459
1.73E+12,TA328____Infra_Logs_By_last_4_hours,0,0,200,1288
1.73E+12,A328_Logs_4Hour_/logsrql/api/v7/tenants/logs/count,1259,843,200,599
1.73E+12,A328_Logs_4Hour_/logsrql/api/v7/tenants//logs/labels,1397,853,200,689
1.73E+12,TA329____last_4_hours_With_1_Label_Filter,0,0,200,371029
1.73E+12,A329_Logs_4Hour_/logsrql/api/v7/tenants/logs/count,2397,1551,200,599
1.73E+12,A330_Logs_4Hour_/logsrql/api/v7/tenants//logs,4579,1284,200,370430
1.73E+12,TA331____last_4_hours_With_2_Label_Filter,0,0,200,370822
1.73E+12,A331_Logs_4Hour_/logsrql/api/v7/tenants/logs/count,2520,1877,200,599
1.73E+12,A332_Logs_4Hour_/logsrql/api/v7/tenants//logs,3966,1877,200,370223
1.73E+12,ZZZ__Trans_Controller_Dummy_Sampler,0,0,200,114
1.73E+12,TA327____Infra_Logs_By_last_4_hours,1535,618,200,1686712
1.73E+12,A334_Logs_8Hour_/logsrql/api/v7/tenants//logs?query=&limit,1664,579,200,943436
1.73E+12,TA335____Infra_Logs_By_last_8_hours,0,0,200,1288
1.73E+12,A336_Logs_8Hour_/logsrql/api/v7/tenants/logs/count,1319,937,200,599
1.73E+12,A335_Logs_8Hour_/logsrql/api/v7/tenants//logs/labels,1429,937,200,689
1.73E+12,TA337____last_8_hours_With_1_Label_Filter,0,0,200,924489
1.73E+12,A337_Logs_8Hour_/logsrql/api/v7/tenants/logs/count,2065,929,200,599
1.73E+12,A338_Logs_8Hour_/logsrql/api/v7/tenants//logs,25688,929,200,923890
1.73E+12,TA339____last_8_hours_With_2_Label_Filter,0,0,200,927104
1.73E+12,A339_Logs_8Hour_/logsrql/api/v7/tenants/logs/count,2537,1422,200,599
1.73E+12,A340_Logs_8Hour_/logsrql/api/v7/tenants//logs,24742,1422,200,926505
1.73E+12,ZZZ__Trans_Controller_Dummy_Sampler,0,0,200,114
1.73E+12,TA333____Infra_Logs_By_last_8_hours,1664,579,200,2796431
1.73E+12,A341_Logs_24Hour_/logsrql/api/v7/tenants//logs?query=&limit,1559,634,200,943430
1.73E+12,TA342____Infra_Logs_By_last_24_hours,0,0,200,1288
1.73E+12,A343_Logs_24Hour_/logsrql/api/v7/tenants/logs/count,1382,945,200,599
1.73E+12,A342_Logs_24Hour_/logsrql/api/v7/tenants//logs/labels,1505,945,200,689
1.73E+12,TA344____last_24_hours_With_1_Label_Filter,0,0,200,929455
1.73E+12,A344_Logs_24Hour_/logsrql/api/v7/tenants/logs/count,1845,916,200,599
1.73E+12,A345_Logs_24Hour_/logsrql/api/v7/tenants//logs,16544,918,200,928856
1.73E+12,TA346____last_24_hours_With_2_Label_Filter,0,0,200,929559
1.73E+12,A346_Logs_24Hour_/logsrql/api/v7/tenants/logs/count,1874,891,200,599
1.73E+12,A347_Logs_24Hour_/logsrql/api/v7/tenants//logs,16957,900,200,928960
1.73E+12,ZZZ__Trans_Controller_Dummy_Sampler,0,0,200,114
1.73E+12,TA341____Infra_Logs_By_last_24_hours,1559,634,200,2803846
1.73E+12,A351_Logs_7Days_/logsrql/api/v7/tenants//logs?query=&limit,1544,602,200,943450
1.73E+12,TA352____Infra_Logs_By_last_7Days,0,0,200,1288
1.73E+12,A353_Logs_7Days_/logsrql/api/v7/tenants/logs/count,1690,1282,200,599
1.73E+12,A352_Logs_7Days_/logsrql/api/v7/tenants//logs/labels,1789,1282,200,689
1.73E+12,TA354____last_7Days_With_1_Label_Filter,0,0,200,1001115
1.73E+12,A354_Logs_7Days_/logsrql/api/v7/tenants/logs/count,1805,904,200,599
1.73E+12,A355_Logs_7Days_/logsrql/api/v7/tenants//logs,22533,945,200,1000516
1.73E+12,TA356____last_7Days_With_2_Label_Filter,0,0,200,1016207
1.73E+12,A356_Logs_7Days_/logsrql/api/v7/tenants/logs/count,1980,927,200,599
1.73E+12,A357_Logs_24Hour_/logsrql/api/v7/tenants//logs,16480,893,200,1015608
1.73E+12,ZZZ__Trans_Controller_Dummy_Sampler,0,0,200,114
1.73E+12,TA351____Infra_Logs_By_last_7Days,1544,602,200,2962174
1.73E+12,A212__LogOut_/logout,964,601,200,728
1.73E+12,TA211____LogOut,964,601,200,728
1.73E+12,A201_LaunchPage,1905,945,200,9875
1.73E+12,TA201____Infra__Launch_Page,1905,945,200,9875
1.73E+12,A202_Login_/tenancy/web/login,569,0,200,12455
1.73E+12,A202_Login_/tenancy/web/login-0,569,0,200,851
1.73E+12,A202_Login_/tenancy/web/login-1,526,0,200,4597
1.73E+12,A202_Login_/tenancy/web/login-2,382,0,200,440
1.73E+12,A202_Login_/tenancy/web/login-3,734,0,200,743
1.73E+12,A202_Login_/tenancy/web/login-4,895,0,200,5824
1.73E+12,A203_Login_/api/v2/users/me,1001,0,200,6784
1.73E+12,TA204____Login_bzm - Parallel Controller,0,0,200,20154
1.73E+12,A208_Login_/api/v2/tenants//customBranding?rndId=&cascade=true,1405,911,200,1032
1.73E+12,A206_Login_/api/v2/navigation/menu,1426,905,200,5640
1.73E+12,A205_Login_/api/v2/tenants//featureset?rndId=,2497,1013,200,3621
1.73E+12,A207_Login_/clients.json?mspId=&_ajax=true,1209,905,200,9861
1.73E+12,A209_Login_//api/v2/tenants/b820426a-3dd2-4190-7f37-9c0085c6bdfe,2996,634,200,6732
1.73E+12,ZZZ__Trans_Controller_Dummy_Sampler,0,0,200,114
1.73E+12,TA202____Infra__Login_Page,4566,634,200,46239
1.73E+12,ZZZ__Trans_Controller_Dummy_Sampler,0,0,200,114
1.73E+12,A214_SelectClient_/client.do?action=contextUpdate,278,0,200,9861
1.73E+12,A214_SelectClient_/client.do?action=contextUpdate-0,278,0,200,673
1.73E+12,A214_SelectClient_/client.do?action=contextUpdate-1,307,0,200,505
1.73E+12,A214_SelectClient_/client.do?action=contextUpdate-2,359,0,200,896
1.73E+12,A214_SelectClient_/client.do?action=contextUpdate-3,359,0,200,869
1.73E+12,A214_SelectClient_/client.do?action=contextUpdate-4,359,0,200,351
1.73E+12,A214_SelectClient_/client.do?action=contextUpdate-5,613,0,200,743
1.73E+12,A214_SelectClient_/client.do?action=contextUpdate-6,366,0,200,5824
1.73E+12,A215_SelectClient_/api/v2/tenants/client/d9e7f806-98aa-a155-8571-1fd205ec2db0,615,0,200,5330
1.73E+12,TA214____Infra_Select_Client,893,0,200,15305
1.73E+12,A301_Logs_LandingPage_/infra-ui/logs,1081,0,200,2707
1.73E+12,A302_Logs_LandingPage_/api/v2/users/me?rndId=,573,0,200,6784
1.73E+12,TA303____Logs_LandingPage - bzm - Parallel Controller,0,0,200,20154
1.73E+12,A306_Logs_LandingPage_/api/v2/tenants//customBranding?rndId=&cascade=true,1496,1002,200,1032
1.73E+12,A303_Logs_LandingPage_/api/v2/tenants//featureset?rndId=,1725,1003,200,3621
1.73E+12,A304_Logs_LandingPage_/api/v2/navigation/menu?rndId=null,2827,1003,200,5640
1.73E+12,A305_Logs_LandingPage_/clients.json?mspId=&_ajax=true,2028,1743,200,9861
1.73E+12,TA307____Logs_LandingPage - bzm - Parallel Controller,0,0,200,14127
1.73E+12,A308_Logs_LandingPage_/infra-ui/asset-manifest.json?rndId=,1887,1571,200,4266
1.73E+12,A307_Logs_LandingPage_/client.do?action=contextUpdate&clientId=&_ajax=true,1778,1501,200,9861
1.73E+12,A309_Logs_LandingPage_/api/v2/tenants/client/d17725c6-5310-42b0-aac6-613040ac83ec,2672,596,200,5330
1.73E+12,A310_Logs_LandingPage_/api/v2/users/me/views/default?entityType=log,516,0,200,868
1.73E+12,A311_Logs_LandingPage_/logsrql/api/v7/tenants//retention_policy,1682,0,200,580
1.73E+12,TA312____Logs_LandingPage - bzm - Parallel Controller,0,0,200,1310
1.73E+12,A312_Logs_LandingPage_/logsrql/api/v7/tenants//logs?query=&limit=51&start=1713158091813000000&end=1713159891813000000,1387,942,200,591
1.73E+12,"A313_Logs_LandingPage_/opsql/api/v7/tenants//queries--""objectType"":""alert""",2753,1886,200,719
1.73E+12,TA314____Logs_LandingPage - bzm - Parallel Controller,0,0,200,1288
1.73E+12,A315_Logs_LandingPage_/logsrql/api/v7/tenants//logs/count?query=&step=30,1365,939,200,599
1.73E+12,A314_Logs_LandingPage_/logsrql/api/v7/tenants/logs/labels?start=,3322,2777,200,689
1.73E+12,ZZZ__Trans_Controller_Dummy_Sampler,0,0,200,114
1.73E+12,TA301____Infra_Logs_LandingPage,6524,596,200,53262
1.73E+12,TA316____last_30min_With_1_Label_Filter,0,0,200,1190
1.73E+12,A316_Logs_30Min_/logsrql/api/v7/tenants/logs/count,1538,906,200,599
1.73E+12,A317_Logs_30Min_/logsrql/api/v7/tenants//logs,2474,2039,200,591
1.73E+12,TA318____last_30Min_With_2_Label_Filter,0,0,200,1190
1.73E+12,A318_Logs_30Min_/logsrql/api/v7/tenants/logs/count,1853,906,200,599
1.73E+12,A319_Logs_30Min_/logsrql/api/v7/tenants//logs,2691,905,200,591
1.73E+12,A320_Logs_1Hour_/logsrql/api/v7/tenants//logs?query=&limit,2032,1632,200,591
1.73E+12,TA321____Infra_Logs_By_last_1_hours,0,0,200,1288
1.73E+12,A321_Logs_1Hour_/logsrql/api/v7/tenants//logs/labels,1467,912,200,689
1.73E+12,A322_Logs_1Hour_/logsrql/api/v7/tenants/logs/count,2671,912,200,599
1.73E+12,TA323____last_1_hours_With_1_Label_Filter,0,0,200,1190
1.73E+12,A324_Logs_1Hour_/logsrql/api/v7/tenants//logs,1325,924,200,591
1.73E+12,A323_Logs_1Hour_/logsrql/api/v7/tenants/logs/count,1572,924,200,599
1.73E+12,TA325____last_1_hours_With_2_Label_Filter,0,0,200,1190
1.73E+12,A325_Logs_1Hour_/logsrql/api/v7/tenants/logs/count,1613,887,200,599
1.73E+12,A326_Logs_1Hour_/logsrql/api/v7/tenants//logs,2063,887,200,591
1.73E+12,ZZZ__Trans_Controller_Dummy_Sampler,0,0,200,114
1.73E+12,TA320____Infra_Logs_By_last_1_hours,2032,1632,200,4373
1.73E+12,A327_Logs_4Hour_/logsrql/api/v7/tenants//logs?query=&limit,1594,612,200,943693
1.73E+12,TA328____Infra_Logs_By_last_4_hours,0,0,200,1288
1.73E+12,A328_Logs_4Hour_/logsrql/api/v7/tenants/logs/count,1343,920,200,599
1.73E+12,A328_Logs_4Hour_/logsrql/api/v7/tenants//logs/labels,1377,893,200,689
1.73E+12,TA329____last_4_hours_With_1_Label_Filter,0,0,200,127775
1.73E+12,A329_Logs_4Hour_/logsrql/api/v7/tenants/logs/count,1897,932,200,599
1.73E+12,A330_Logs_4Hour_/logsrql/api/v7/tenants//logs,1670,932,200,127176
1.73E+12,TA331____last_4_hours_With_2_Label_Filter,0,0,200,127637
1.73E+12,A331_Logs_4Hour_/logsrql/api/v7/tenants/logs/count,1755,896,200,599
1.73E+12,A332_Logs_4Hour_/logsrql/api/v7/tenants//logs,1830,931,200,127038
1.73E+12,ZZZ__Trans_Controller_Dummy_Sampler,0,0,200,114
1.73E+12,TA327____Infra_Logs_By_last_4_hours,1594,612,200,1200507
1.73E+12,A334_Logs_8Hour_/logsrql/api/v7/tenants//logs?query=&limit,1858,610,200,943482
1.73E+12,TA335____Infra_Logs_By_last_8_hours,0,0,200,1288
1.73E+12,A336_Logs_8Hour_/logsrql/api/v7/tenants/logs/count,1331,937,200,599
1.73E+12,A335_Logs_8Hour_/logsrql/api/v7/tenants//logs/labels,1441,937,200,689
1.73E+12,TA337____last_8_hours_With_1_Label_Filter,0,0,200,994674
1.73E+12,A337_Logs_8Hour_/logsrql/api/v7/tenants/logs/count,2046,1030,200,599
1.73E+12,A338_Logs_8Hour_/logsrql/api/v7/tenants//logs,23576,1030,200,994075
1.73E+12,TA339____last_8_hours_With_2_Label_Filter,0,0,200,994687
1.73E+12,A339_Logs_8Hour_/logsrql/api/v7/tenants/logs/count,1825,942,200,599
1.73E+12,A340_Logs_8Hour_/logsrql/api/v7/tenants//logs,22325,878,200,994088
1.73E+12,ZZZ__Trans_Controller_Dummy_Sampler,0,0,200,114
1.73E+12,TA333____Infra_Logs_By_last_8_hours,1858,610,200,2934245
1.73E+12,A341_Logs_24Hour_/logsrql/api/v7/tenants//logs?query=&limit,1595,636,200,943436
1.73E+12,TA342____Infra_Logs_By_last_24_hours,0,0,200,1288
1.73E+12,A343_Logs_24Hour_/logsrql/api/v7/tenants/logs/count,1367,915,200,599
1.73E+12,A342_Logs_24Hour_/logsrql/api/v7/tenants//logs/labels,1401,915,200,689
1.73E+12,TA344____last_24_hours_With_1_Label_Filter,0,0,200,908459
1.73E+12,A344_Logs_24Hour_/logsrql/api/v7/tenants/logs/count,1912,929,200,599
1.73E+12,A345_Logs_24Hour_/logsrql/api/v7/tenants//logs,14646,923,200,907860
1.73E+12,TA346____last_24_hours_With_2_Label_Filter,0,0,200,886270
1.73E+12,A346_Logs_24Hour_/logsrql/api/v7/tenants/logs/count,1487,894,200,599
1.73E+12,A347_Logs_24Hour_/logsrql/api/v7/tenants//logs,8874,908,200,885671
1.73E+12,ZZZ__Trans_Controller_Dummy_Sampler,0,0,200,114
1.73E+12,TA341____Infra_Logs_By_last_24_hours,1595,636,200,2739567
1.73E+12,A351_Logs_7Days_/logsrql/api/v7/tenants//logs?query=&limit,1682,627,200,944101
1.73E+12,TA352____Infra_Logs_By_last_7Days,0,0,200,1288
1.73E+12,A353_Logs_7Days_/logsrql/api/v7/tenants/logs/count,1278,863,200,599
1.73E+12,A352_Logs_7Days_/logsrql/api/v7/tenants//logs/labels,1386,882,200,689
1.73E+12,TA354____last_7Days_With_1_Label_Filter,0,0,200,918572
1.73E+12,A354_Logs_7Days_/logsrql/api/v7/tenants/logs/count,1733,892,200,599
1.73E+12,A355_Logs_7Days_/logsrql/api/v7/tenants//logs,15836,901,200,917973
1.73E+12,TA356____last_7Days_With_2_Label_Filter,0,0,200,969807
1.73E+12,A356_Logs_7Days_/logsrql/api/v7/tenants/logs/count,1751,857,200,599
1.73E+12,A357_Logs_24Hour_/logsrql/api/v7/tenants//logs,16501,869,200,969208
1.73E+12,ZZZ__Trans_Controller_Dummy_Sampler,0,0,200,114
1.73E+12,TA351____Infra_Logs_By_last_7Days,1682,627,200,2833882
1.73E+12,A212__LogOut_/logout,894,597,200,728
1.73E+12,TA211____LogOut,894,597,200,728
1.73E+12,A201_LaunchPage,2113,985,200,9862
1.73E+12,TA201____Infra__Launch_Page,2113,985,200,9862
1.73E+12,A202_Login_/tenancy/web/login,598,0,200,12455
1.73E+12,A202_Login_/tenancy/web/login-0,598,0,200,851
1.73E+12,A202_Login_/tenancy/web/login-1,440,0,200,4597
1.73E+12,A202_Login_/tenancy/web/login-2,401,0,200,440
1.73E+12,A202_Login_/tenancy/web/login-3,802,0,200,743
1.73E+12,A202_Login_/tenancy/web/login-4,325,0,200,5824
1.73E+12,A203_Login_/api/v2/users/me,632,0,200,6784
1.73E+12,TA204____Login_bzm - Parallel Controller,0,0,200,20154
1.73E+12,A208_Login_/api/v2/tenants//customBranding?rndId=&cascade=true,1471,956,200,1032
1.73E+12,A206_Login_/api/v2/navigation/menu,1607,932,200,5640
1.73E+12,A205_Login_/api/v2/tenants//featureset?rndId=,1670,932,200,3621
1.73E+12,A207_Login_/clients.json?mspId=&_ajax=true,1218,932,200,9861
1.73E+12,A209_Login_//api/v2/tenants/b820426a-3dd2-4190-7f37-9c0085c6bdfe,1543,694,200,6732
1.73E+12,ZZZ__Trans_Controller_Dummy_Sampler,0,0,200,114
1.73E+12,TA202____Infra__Login_Page,2773,694,200,46239
1.73E+12,ZZZ__Trans_Controller_Dummy_Sampler,0,0,200,114
1.73E+12,A214_SelectClient_/client.do?action=contextUpdate,307,0,200,9861
1.73E+12,A214_SelectClient_/client.do?action=contextUpdate-0,307,0,200,673
1.73E+12,A214_SelectClient_/client.do?action=contextUpdate-1,304,0,200,505
1.73E+12,A214_SelectClient_/client.do?action=contextUpdate-2,489,0,200,896
1.73E+12,A214_SelectClient_/client.do?action=contextUpdate-3,375,0,200,869
1.73E+12,A214_SelectClient_/client.do?action=contextUpdate-4,401,0,200,351
1.73E+12,A214_SelectClient_/client.do?action=contextUpdate-5,718,0,200,743
1.73E+12,A214_SelectClient_/client.do?action=contextUpdate-6,369,0,200,5824
1.73E+12,A215_SelectClient_/api/v2/tenants/client/d9e7f806-98aa-a155-8571-1fd205ec2db0,639,0,200,5330
1.73E+12,TA214____Infra_Select_Client,946,0,200,15305
1.73E+12,A301_Logs_LandingPage_/infra-ui/logs,350,0,200,2707
1.73E+12,A302_Logs_LandingPage_/api/v2/users/me?rndId=,511,0,200,6784
1.73E+12,TA303____Logs_LandingPage - bzm - Parallel Controller,0,0,200,20154
1.73E+12,A306_Logs_LandingPage_/api/v2/tenants//customBranding?rndId=&cascade=true,1464,937,200,1032
1.73E+12,A304_Logs_LandingPage_/api/v2/navigation/menu?rndId=null,1610,1006,200,5640
1.73E+12,A303_Logs_LandingPage_/api/v2/tenants//featureset?rndId=,1733,889,200,3621
1.73E+12,A305_Logs_LandingPage_/clients.json?mspId=&_ajax=true,1303,999,200,9861
1.73E+12,TA307____Logs_LandingPage - bzm - Parallel Controller,0,0,200,14127
1.73E+12,A308_Logs_LandingPage_/infra-ui/asset-manifest.json?rndId=,1422,1053,200,4266
1.73E+12,A307_Logs_LandingPage_/client.do?action=contextUpdate&clientId=&_ajax=true,1422,1053,200,9861
1.73E+12,A309_Logs_LandingPage_/api/v2/tenants/client/d17725c6-5310-42b0-aac6-613040ac83ec,1266,618,200,5330
1.73E+12,A310_Logs_LandingPage_/api/v2/users/me/views/default?entityType=log,437,0,200,868
1.73E+12,A311_Logs_LandingPage_/logsrql/api/v7/tenants//retention_policy,1112,0,200,580
1.73E+12,TA312____Logs_LandingPage - bzm - Parallel Controller,0,0,200,1310
1.73E+12,"A313_Logs_LandingPage_/opsql/api/v7/tenants//queries--""objectType"":""alert""",1472,1092,200,719
1.73E+12,A312_Logs_LandingPage_/logsrql/api/v7/tenants//logs?query=&limit=51&start=1713158091813000000&end=1713159891813000000,1480,1092,200,591
1.73E+12,TA314____Logs_LandingPage - bzm - Parallel Controller,0,0,200,1288
1.73E+12,A315_Logs_LandingPage_/logsrql/api/v7/tenants//logs/count?query=&step=30,1247,853,200,599
1.73E+12,A314_Logs_LandingPage_/logsrql/api/v7/tenants/logs/labels?start=,1350,853,200,689
1.73E+12,ZZZ__Trans_Controller_Dummy_Sampler,0,0,200,114
1.73E+12,TA301____Infra_Logs_LandingPage,3676,618,200,53262
1.73E+12,TA316____last_30min_With_1_Label_Filter,0,0,200,1190
1.73E+12,A317_Logs_30Min_/logsrql/api/v7/tenants//logs,1514,1028,200,591
1.73E+12,A316_Logs_30Min_/logsrql/api/v7/tenants/logs/count,1843,1091,200,599
1.73E+12,TA318____last_30Min_With_2_Label_Filter,0,0,200,1190
1.73E+12,A319_Logs_30Min_/logsrql/api/v7/tenants//logs,1390,987,200,591
1.73E+12,A318_Logs_30Min_/logsrql/api/v7/tenants/logs/count,1572,988,200,599
1.73E+12,A320_Logs_1Hour_/logsrql/api/v7/tenants//logs?query=&limit,1050,630,200,591
1.73E+12,TA321____Infra_Logs_By_last_1_hours,0,0,200,1288
1.73E+12,A322_Logs_1Hour_/logsrql/api/v7/tenants/logs/count,1378,961,200,599
1.73E+12,A321_Logs_1Hour_/logsrql/api/v7/tenants//logs/labels,1458,962,200,689
1.73E+12,TA323____last_1_hours_With_1_Label_Filter,0,0,200,1190
1.73E+12,A324_Logs_1Hour_/logsrql/api/v7/tenants//logs,1359,958,200,591
1.73E+12,A323_Logs_1Hour_/logsrql/api/v7/tenants/logs/count,1599,958,200,599
1.73E+12,TA325____last_1_hours_With_2_Label_Filter,0,0,200,1190
1.73E+12,A326_Logs_1Hour_/logsrql/api/v7/tenants//logs,1452,1038,200,591
1.73E+12,A325_Logs_1Hour_/logsrql/api/v7/tenants/logs/count,1758,1038,200,599
1.73E+12,ZZZ__Trans_Controller_Dummy_Sampler,0,0,200,114
1.73E+12,TA320____Infra_Logs_By_last_1_hours,1050,630,200,4373
1.73E+12,A327_Logs_4Hour_/logsrql/api/v7/tenants//logs?query=&limit,1002,611,200,591
1.73E+12,TA328____Infra_Logs_By_last_4_hours,0,0,200,1288
1.73E+12,A328_Logs_4Hour_/logsrql/api/v7/tenants/logs/count,1357,938,200,599
1.73E+12,A328_Logs_4Hour_/logsrql/api/v7/tenants//logs/labels,1458,935,200,689
1.73E+12,TA329____last_4_hours_With_1_Label_Filter,0,0,200,1190
1.73E+12,A330_Logs_4Hour_/logsrql/api/v7/tenants//logs,1230,841,200,591
1.73E+12,A329_Logs_4Hour_/logsrql/api/v7/tenants/logs/count,1469,883,200,599
1.73E+12,TA331____last_4_hours_With_2_Label_Filter,0,0,200,1190
1.73E+12,A332_Logs_4Hour_/logsrql/api/v7/tenants//logs,1364,919,200,591
1.73E+12,A331_Logs_4Hour_/logsrql/api/v7/tenants/logs/count,1527,919,200,599
1.73E+12,ZZZ__Trans_Controller_Dummy_Sampler,0,0,200,114
1.73E+12,TA327____Infra_Logs_By_last_4_hours,1002,611,200,4373
1.73E+12,A334_Logs_8Hour_/logsrql/api/v7/tenants//logs?query=&limit,1915,792,200,943466
1.73E+12,TA335____Infra_Logs_By_last_8_hours,0,0,200,1288
1.73E+12,A336_Logs_8Hour_/logsrql/api/v7/tenants/logs/count,1345,948,200,599
1.73E+12,A335_Logs_8Hour_/logsrql/api/v7/tenants//logs/labels,1434,948,200,689
1.73E+12,TA337____last_8_hours_With_1_Label_Filter,0,0,200,918137
1.73E+12,A337_Logs_8Hour_/logsrql/api/v7/tenants/logs/count,1721,896,200,599
1.73E+12,A338_Logs_8Hour_/logsrql/api/v7/tenants//logs,23612,944,200,917538
1.73E+12,TA339____last_8_hours_With_2_Label_Filter,0,0,200,918143
1.73E+12,A339_Logs_8Hour_/logsrql/api/v7/tenants/logs/count,1632,862,200,599
1.73E+12,A340_Logs_8Hour_/logsrql/api/v7/tenants//logs,22466,941,200,917544
1.73E+12,ZZZ__Trans_Controller_Dummy_Sampler,0,0,200,114
1.73E+12,TA333____Infra_Logs_By_last_8_hours,1915,792,200,2781148
1.73E+12,A341_Logs_24Hour_/logsrql/api/v7/tenants//logs?query=&limit,1573,609,200,943423
1.73E+12,TA342____Infra_Logs_By_last_24_hours,0,0,200,1288
1.73E+12,A343_Logs_24Hour_/logsrql/api/v7/tenants/logs/count,1296,889,200,599
1.73E+12,A342_Logs_24Hour_/logsrql/api/v7/tenants//logs/labels,1365,864,200,689
1.73E+12,TA344____last_24_hours_With_1_Label_Filter,0,0,200,923600
1.73E+12,A344_Logs_24Hour_/logsrql/api/v7/tenants/logs/count,1493,913,200,599
1.73E+12,A345_Logs_24Hour_/logsrql/api/v7/tenants//logs,2966,913,200,923001
1.73E+12,TA346____last_24_hours_With_2_Label_Filter,0,0,200,897781
1.73E+12,A346_Logs_24Hour_/logsrql/api/v7/tenants/logs/count,1551,877,200,599
1.73E+12,A347_Logs_24Hour_/logsrql/api/v7/tenants//logs,17568,876,200,897182
1.73E+12,ZZZ__Trans_Controller_Dummy_Sampler,0,0,200,114
1.73E+12,TA341____Infra_Logs_By_last_24_hours,1573,609,200,2766206
1.73E+12,A351_Logs_7Days_/logsrql/api/v7/tenants//logs?query=&limit,1725,644,200,943976
1.73E+12,TA352____Infra_Logs_By_last_7Days,0,0,200,1288
1.73E+12,A353_Logs_7Days_/logsrql/api/v7/tenants/logs/count,1258,857,200,599
1.73E+12,A352_Logs_7Days_/logsrql/api/v7/tenants//logs/labels,2423,915,200,689
1.73E+12,TA354____last_7Days_With_1_Label_Filter,0,0,200,936911
1.73E+12,A354_Logs_7Days_/logsrql/api/v7/tenants/logs/count,1728,897,200,599
1.73E+12,A355_Logs_7Days_/logsrql/api/v7/tenants//logs,22792,897,200,936312
1.73E+12,TA356____last_7Days_With_2_Label_Filter,0,0,200,936884
1.73E+12,A356_Logs_7Days_/logsrql/api/v7/tenants/logs/count,1519,886,200,599
1.73E+12,A357_Logs_24Hour_/logsrql/api/v7/tenants//logs,22318,886,200,936285
1.73E+12,ZZZ__Trans_Controller_Dummy_Sampler,0,0,200,114
1.73E+12,TA351____Infra_Logs_By_last_7Days,1725,644,200,2819173
1.73E+12,A212__LogOut_/logout,953,598,200,728
1.73E+12,TA211____LogOut,953,598,200,728
1.73E+12,A201_LaunchPage,2018,937,200,9855
1.73E+12,TA201____Infra__Launch_Page,2018,937,200,9855
1.73E+12,A202_Login_/tenancy/web/login,638,0,200,12455
1.73E+12,A202_Login_/tenancy/web/login-0,638,0,200,851
1.73E+12,A202_Login_/tenancy/web/login-1,458,0,200,4597
1.73E+12,A202_Login_/tenancy/web/login-2,410,0,200,440
1.73E+12,A202_Login_/tenancy/web/login-3,692,0,200,743
1.73E+12,A202_Login_/tenancy/web/login-4,367,0,200,5824
1.73E+12,A203_Login_/api/v2/users/me,546,0,200,6784
1.73E+12,TA204____Login_bzm - Parallel Controller,0,0,200,20154
1.73E+12,A208_Login_/api/v2/tenants//customBranding?rndId=&cascade=true,1630,942,200,1032
1.73E+12,A206_Login_/api/v2/navigation/menu,1630,907,200,5640
1.73E+12,A205_Login_/api/v2/tenants//featureset?rndId=,1640,907,200,3621
1.73E+12,A207_Login_/clients.json?mspId=&_ajax=true,1336,907,200,9861
1.73E+12,A209_Login_//api/v2/tenants/b820426a-3dd2-4190-7f37-9c0085c6bdfe,1369,577,200,6732
1.73E+12,ZZZ__Trans_Controller_Dummy_Sampler,0,0,200,114
1.73E+12,TA202____Infra__Login_Page,2553,577,200,46239
1.73E+12,ZZZ__Trans_Controller_Dummy_Sampler,0,0,200,114
1.73E+12,A214_SelectClient_/client.do?action=contextUpdate,305,0,200,9861
1.73E+12,A214_SelectClient_/client.do?action=contextUpdate-0,305,0,200,673
1.73E+12,A214_SelectClient_/client.do?action=contextUpdate-1,340,0,200,505
1.73E+12,A214_SelectClient_/client.do?action=contextUpdate-2,438,0,200,896
1.73E+12,A214_SelectClient_/client.do?action=contextUpdate-3,387,0,200,869
1.73E+12,A214_SelectClient_/client.do?action=contextUpdate-4,397,0,200,351
1.73E+12,A214_SelectClient_/client.do?action=contextUpdate-5,720,0,200,743
1.73E+12,A214_SelectClient_/client.do?action=contextUpdate-6,369,0,200,5824
1.73E+12,A215_SelectClient_/api/v2/tenants/client/d9e7f806-98aa-a155-8571-1fd205ec2db0,573,0,200,5330
1.73E+12,TA214____Infra_Select_Client,878,0,200,15305
1.73E+12,A301_Logs_LandingPage_/infra-ui/logs,289,0,200,2707
1.73E+12,A302_Logs_LandingPage_/api/v2/users/me?rndId=,532,0,200,6784
1.73E+12,TA303____Logs_LandingPage - bzm - Parallel Controller,0,0,200,20154
1.73E+12,A306_Logs_LandingPage_/api/v2/tenants//customBranding?rndId=&cascade=true,1439,1014,200,1032
1.73E+12,A303_Logs_LandingPage_/api/v2/tenants//featureset?rndId=,1700,1014,200,3621
1.73E+12,A304_Logs_LandingPage_/api/v2/navigation/menu?rndId=null,1700,1014,200,5640
1.73E+12,A305_Logs_LandingPage_/clients.json?mspId=&_ajax=true,1439,1014,200,9861
1.73E+12,TA307____Logs_LandingPage - bzm - Parallel Controller,0,0,200,14127
1.73E+12,A308_Logs_LandingPage_/infra-ui/asset-manifest.json?rndId=,1307,962,200,4266
1.73E+12,A307_Logs_LandingPage_/client.do?action=contextUpdate&clientId=&_ajax=true,1308,959,200,9861
1.73E+12,A309_Logs_LandingPage_/api/v2/tenants/client/d17725c6-5310-42b0-aac6-613040ac83ec,1326,710,200,5330
1.73E+12,A310_Logs_LandingPage_/api/v2/users/me/views/default?entityType=log,547,0,200,868
1.73E+12,A311_Logs_LandingPage_/logsrql/api/v7/tenants//retention_policy,1197,0,200,580
1.73E+12,TA312____Logs_LandingPage - bzm - Parallel Controller,0,0,200,1310
1.73E+12,"A313_Logs_LandingPage_/opsql/api/v7/tenants//queries--""objectType"":""alert""",1273,913,200,719
1.73E+12,A312_Logs_LandingPage_/logsrql/api/v7/tenants//logs?query=&limit=51&start=1713158091813000000&end=1713159891813000000,1318,913,200,591
1.73E+12,TA314____Logs_LandingPage - bzm - Parallel Controller,0,0,200,1288
1.73E+12,A315_Logs_LandingPage_/logsrql/api/v7/tenants//logs/count?query=&step=30,1322,908,200,599
1.73E+12,A314_Logs_LandingPage_/logsrql/api/v7/tenants/logs/labels?start=,1411,907,200,689
1.73E+12,ZZZ__Trans_Controller_Dummy_Sampler,0,0,200,114
1.73E+12,TA301____Infra_Logs_LandingPage,3891,710,200,53262
1.73E+12,TA316____last_30min_With_1_Label_Filter,0,0,200,1190
1.73E+12,A317_Logs_30Min_/logsrql/api/v7/tenants//logs,1334,905,200,591
1.73E+12,A316_Logs_30Min_/logsrql/api/v7/tenants/logs/count,1628,905,200,599
1.73E+12,TA318____last_30Min_With_2_Label_Filter,0,0,200,1190
1.73E+12,A319_Logs_30Min_/logsrql/api/v7/tenants//logs,1322,905,200,591
1.73E+12,A318_Logs_30Min_/logsrql/api/v7/tenants/logs/count,1648,905,200,599
1.73E+12,A320_Logs_1Hour_/logsrql/api/v7/tenants//logs?query=&limit,1093,656,200,591
1.73E+12,TA321____Infra_Logs_By_last_1_hours,0,0,200,1288
1.73E+12,A322_Logs_1Hour_/logsrql/api/v7/tenants/logs/count,1547,1139,200,599
1.73E+12,A321_Logs_1Hour_/logsrql/api/v7/tenants//logs/labels,1645,1139,200,689
1.73E+12,TA323____last_1_hours_With_1_Label_Filter,0,0,200,1190
1.73E+12,A324_Logs_1Hour_/logsrql/api/v7/tenants//logs,1318,898,200,591
1.73E+12,A323_Logs_1Hour_/logsrql/api/v7/tenants/logs/count,1524,838,200,599
1.73E+12,TA325____last_1_hours_With_2_Label_Filter,0,0,200,1190
1.73E+12,A326_Logs_1Hour_/logsrql/api/v7/tenants//logs,1356,947,200,591
1.73E+12,A325_Logs_1Hour_/logsrql/api/v7/tenants/logs/count,1535,947,200,599
1.73E+12,ZZZ__Trans_Controller_Dummy_Sampler,0,0,200,114
1.73E+12,TA320____Infra_Logs_By_last_1_hours,1093,656,200,4373
1.73E+12,A327_Logs_4Hour_/logsrql/api/v7/tenants//logs?query=&limit,1001,601,200,591
1.73E+12,TA328____Infra_Logs_By_last_4_hours,0,0,200,1288
1.73E+12,A328_Logs_4Hour_/logsrql/api/v7/tenants/logs/count,1378,980,200,599
1.73E+12,A328_Logs_4Hour_/logsrql/api/v7/tenants//logs/labels,1489,981,200,689
1.73E+12,TA329____last_4_hours_With_1_Label_Filter,0,0,200,1190
1.73E+12,A330_Logs_4Hour_/logsrql/api/v7/tenants//logs,1321,895,200,591
1.73E+12,A329_Logs_4Hour_/logsrql/api/v7/tenants/logs/count,1502,987,200,599
1.73E+12,TA331____last_4_hours_With_2_Label_Filter,0,0,200,1190
1.73E+12,A332_Logs_4Hour_/logsrql/api/v7/tenants//logs,2047,1550,200,591
1.73E+12,A331_Logs_4Hour_/logsrql/api/v7/tenants/logs/count,2199,1585,200,599
1.73E+12,ZZZ__Trans_Controller_Dummy_Sampler,0,0,200,114
1.73E+12,TA327____Infra_Logs_By_last_4_hours,1001,601,200,4373
1.73E+12,A334_Logs_8Hour_/logsrql/api/v7/tenants//logs?query=&limit,1742,603,200,943657
1.73E+12,TA335____Infra_Logs_By_last_8_hours,0,0,200,1288
1.73E+12,A336_Logs_8Hour_/logsrql/api/v7/tenants/logs/count,1413,1008,200,599
1.73E+12,A335_Logs_8Hour_/logsrql/api/v7/tenants//logs/labels,1556,1008,200,689
1.73E+12,TA337____last_8_hours_With_1_Label_Filter,0,0,200,936132
1.73E+12,A337_Logs_8Hour_/logsrql/api/v7/tenants/logs/count,1721,933,200,599
1.73E+12,A338_Logs_8Hour_/logsrql/api/v7/tenants//logs,22991,933,200,935533
1.73E+12,TA339____last_8_hours_With_2_Label_Filter,0,0,200,936038
1.73E+12,A339_Logs_8Hour_/logsrql/api/v7/tenants/logs/count,1791,920,200,599
1.73E+12,A340_Logs_8Hour_/logsrql/api/v7/tenants//logs,21890,920,200,935439
1.73E+12,ZZZ__Trans_Controller_Dummy_Sampler,0,0,200,114
1.73E+12,TA333____Infra_Logs_By_last_8_hours,1742,603,200,2817229
1.73E+12,A341_Logs_24Hour_/logsrql/api/v7/tenants//logs?query=&limit,1681,665,200,943564
1.73E+12,TA342____Infra_Logs_By_last_24_hours,0,0,200,1288
1.73E+12,A343_Logs_24Hour_/logsrql/api/v7/tenants/logs/count,1280,889,200,599
1.73E+12,A342_Logs_24Hour_/logsrql/api/v7/tenants//logs/labels,1410,898,200,689
1.73E+12,TA344____last_24_hours_With_1_Label_Filter,0,0,200,895554
1.73E+12,A344_Logs_24Hour_/logsrql/api/v7/tenants/logs/count,1465,929,200,599
1.73E+12,A345_Logs_24Hour_/logsrql/api/v7/tenants//logs,22758,909,200,894955
1.73E+12,TA346____last_24_hours_With_2_Label_Filter,0,0,200,856467
1.73E+12,A346_Logs_24Hour_/logsrql/api/v7/tenants/logs/count,1769,929,200,599
1.73E+12,A347_Logs_24Hour_/logsrql/api/v7/tenants//logs,8535,917,200,855868
